Topic,Technique,Tactic,Thread,Note,Content
Would a game developer return my account Under these situations??,Proxy,Command and Control,https://hackforums.net/showthread.php?tid=5977030,,
Doxing ebook?,Data Manipulation,Impact,https://hackforums.net/showthread.php?tid=5959523,,
Python For Hacker's -Learned Hacking with Python Free Full List [14 Ebook],NA,NA,https://hackforums.net/showthread.php?tid=5643147,,
~‚òÖ‚òÖULTIMATE PORT FORWARDING TUTORIAL forward ANY PORT [no utorrent or VPN]‚òÖ‚òÖ~,Obtain Capabilities,Resource Development,https://hackforums.net/showthread.php?tid=2491223,Port forwarding,
I need help with spamming,"Phishing for Information, Phishing","Reconassiance, Initial Access",https://hackforums.net/showthread.php?tid=5977120,,
Golang PW cracking error- help!,NA,NA,https://hackforums.net/showthread.php?tid=5977136,,
[TUT]How to Really Annoy your Neighbour! Wifi Chaos #1,Hardware Additions,Initial Access,https://hackforums.net/showthread.php?tid=4043036,"Wifi chaos, modify AP with nonsense, prank",
Help,NA,NA,https://hackforums.net/showthread.php?tid=5974609,,
How to Hack Web Cams,"User Execution, Phishing, Video Capture","Execution, Initial Access, Collection",https://hackforums.net/showthread.php?tid=5959175,,
Instagam hacking,Compromise Accounts,Resource Development,https://hackforums.net/showthread.php?tid=5971334,,
Any Decent Free Account Cracking Tutorials?,"Compromise Accounts, Brute Force","Resource Development, Credential Access",https://hackforums.net/showthread.php?tid=5973560,Sentry MBA,
Is this illegal?,NA,NA,https://hackforums.net/showthread.php?tid=5960556,sending a password reset,
Remote Pc Backdoor W/ RPI0 (p4wnp1),NA,NA,https://hackforums.net/showthread.php?tid=5973463,Raspberry Pi installation tutorial,
Need help for a project for my cybersecurity class,Search Open Websites/Domains,Reconassiance,https://hackforums.net/showthread.php?tid=5965491,,
Help For Bug bounty,Search Open Websites/Domains,Reconassiance,https://hackforums.net/showthread.php?tid=5973344,,
Login to more than 50 IG accounts using one device,Account Manipulation,Persistence,https://hackforums.net/showthread.php?tid=5965553,,
iPhone,NA,NA,https://hackforums.net/showthread.php?tid=5970191,Hack iphone face id,
Spokeo premium account needed plz,Gather Victim Identify Information,Reconassiance,https://hackforums.net/showthread.php?tid=5881685,Spokeo,
Help! How to Bluesnarf?,Wireless Sniffing,Collection,https://hackforums.net/showthread.php?tid=5972584,,
Luxsock,Acquire Infrastructure,Resource Development,https://hackforums.net/showthread.php?tid=5972451,sock proxy providers,
Having problem binding Files,NA,NA,https://hackforums.net/showthread.php?tid=5972269,,
Use sqlmap exploited CommSy 8.6.5,Exploit Public-Facing Application,Initial Access,https://hackforums.net/showthread.php?tid=5971558,SQL injection,
Hurry up mates! The trade starts from now!,NA,NA,https://hackforums.net/showthread.php?tid=5971048,money transfer,
[TUT]Basic Computer Configurations to Start Hacking[TUT],NA,NA,https://hackforums.net/showthread.php?tid=2019564,computer configuration,
Help am Trapped in FREEHOSTIA!!!,"Phishing for Information, Phishing","Reconassiance, Initial Access",https://hackforums.net/showthread.php?tid=95120,,
How to enable Spoofing on a VPS,Network Denial of Service,Impact,https://hackforums.net/showthread.php?tid=4048921,,
Kali Linux Virtual Box No wordlists,Brute Force,Credential Access,https://hackforums.net/showthread.php?tid=5968955,Kali Linux wordlist,
[TUT] Hacking CafeSuite (Open PC for free) [/TUT],NA,NA,https://hackforums.net/showthread.php?tid=482521,,
Finding breach data dumps online.,Obtain Capabilities,Resource Development,https://hackforums.net/showthread.php?tid=5963044,,
Hack help,NA,NA,https://hackforums.net/showthread.php?tid=5968300,,
Hack help,NA,NA,https://hackforums.net/showthread.php?tid=5968261,,
(TUTORIAL) How to do Manual SQL Injection [FULL BEGINNERS Guide to SQL Injection),Exploit Public-Facing Application,Initial Access,https://hackforums.net/showthread.php?tid=3643497,SQL injection,
How To Get An EDU Mail For FREE,NA,NA,https://hackforums.net/showthread.php?tid=5960239,create edu email,
how to know the emails which they put me as recovery email in gmail?,NA,NA,https://hackforums.net/showthread.php?tid=5966892,find recovery email,
Mass runescape account hacking,Establish Accounts,Resource Development,https://hackforums.net/showthread.php?tid=5966657,,
Ultimate Guide to Manipulating Reddit,"Establish Accounts, Account Manipulation","Resource Development, Persistence	",https://hackforums.net/showthread.php?tid=5602497,,
How to piss someone off,NA,NA,https://hackforums.net/showthread.php?tid=5966373,password resets,
How To Make Paypal Scampage FUD,NA,NA,https://hackforums.net/showthread.php?tid=5962201,,
Hacking website,NA,NA,https://hackforums.net/showthread.php?tid=5965081,hack university website and change grade,
Help with extract password from an android app,NA,NA,https://hackforums.net/showthread.php?tid=5965394,extract password,
[UPDATED TUT] How to get an FBI Login Screen,NA,NA,https://hackforums.net/showthread.php?tid=2713408,change pc screen ,
Hack instagram account?,Compromise Accounts,Resource Development,https://hackforums.net/showthread.php?tid=5949754,,
[TUT] How To Hack Facebook with Facebook [TUT],Compromise Accounts,Resource Development,https://hackforums.net/showthread.php?tid=1989035,,
CPH:sec guidebook 2018,NA,NA,https://hackforums.net/showthread.php?tid=5962985,request book,
How to hide files in a jpg,Obfuscated Files or Information,Defense Evasion,https://hackforums.net/showthread.php?tid=30953,,
Doxxing,Data Manipulation,Impact,https://hackforums.net/showthread.php?tid=5951156,,
Facebook Hacking?,Compromise Accounts,Resource Development,https://hackforums.net/showthread.php?tid=5961605,,
how to dox a phone or sms bomber,Data Manipulation,Impact,https://hackforums.net/showthread.php?tid=5950321,,
Someone teach me how to simswap someone,NA,Impact,https://hackforums.net/showthread.php?tid=5911316,,
Would anyone be interested in a free ebook?,NA,NA,https://hackforums.net/showthread.php?tid=5931152,share ebook,
[Tutorial] Basic MySQL Injection [Beginner Friendly],Exploit Public-Facing Application,Initial Access,https://hackforums.net/showthread.php?tid=1320526,,
Any method to register @live.com email,Establish Accounts,Resource Development,https://hackforums.net/showthread.php?tid=5957780,,
How to create Auto Responding Bot for WhatsApp (Auto Reply),NA,NA,https://hackforums.net/showthread.php?tid=5960222,,
What would you guys like to learn?,Brute Force,Credential Access,https://hackforums.net/showthread.php?tid=5955494,,
Steps To Hack Any Game On Android 2019,NA,NA,https://hackforums.net/showthread.php?tid=5959179,,
‚òÖ ‚òÜ ‚òÖ| 500+ Hacking Tutorials |‚òÖ ‚òÜ ‚òÖ [HUGE COLLECTION] [FREE] [NO $HITCASH] ‚òÖ ‚òÜ ‚òÖ,NA,NA,https://hackforums.net/showthread.php?tid=2703914,share resource,
Hacking tutorials pack?,NA,NA,https://hackforums.net/showthread.php?tid=5959637,,
How to get a free premium vpn,Acquire Infrastructure,Resource Development,https://hackforums.net/showthread.php?tid=3273503,,
Simple Browser detection in JavaScript,NA,NA,https://hackforums.net/showthread.php?tid=5959191,,
Safest & Fastest DNS,Acquire Infrastructure,Resource Development,https://hackforums.net/showthread.php?tid=5959178,,
What to do with a scammer's email?,Gather Victim Identify Information,Reconassiance,https://hackforums.net/showthread.php?tid=5958432,,
You never hack this game,NA,NA,https://hackforums.net/showthread.php?tid=5959081,,
Run .bat file as admin in startup folder,NA,NA,https://hackforums.net/showthread.php?tid=5959024,,
Need help to hack an androide games,NA,NA,https://hackforums.net/showthread.php?tid=5958971,,
Are you interested in a free RDP/account cracking tutorial?,"Compromise Accounts, Brute Force","Resource Development, Credential Access",https://hackforums.net/showthread.php?tid=5899036,,
Samsung Knox,Brute Force,Credential Access,https://hackforums.net/showthread.php?tid=5957005,,
BIND tutorials?,Resource Hijacking,Impact,https://hackforums.net/showthread.php?tid=5957824,,
Hello python ebook?,NA,NA,https://hackforums.net/showthread.php?tid=5957771,,
[TUT] Bypassing AV with 10 lines of code,Exploitation for Defense Evasion,Defense Evasion,https://hackforums.net/showthread.php?tid=5942550,,
"[Tutorial] Bypass Win7,8,10 Admin Log In with a USB","Abuse Elevation Control Mechanism, Hardware Additions","Defense Evasion, Initial Access",https://hackforums.net/showthread.php?tid=5160063,,
Tutorial: NSA Eternalblue mass-scanning and mass-exploitation (noob friendly),Active Scanning,Reconassiance,https://hackforums.net/showthread.php?tid=5733169,,
Intro on Buffer Overflow Attack,NA,NA,https://hackforums.net/showthread.php?tid=5956516,share ebook,
THE ALMIGHTY ANTI-RAT COMPUTER TUTORIAL|> Stop pesky rats from hacking your accounts,External Remote Services,"Initial Access, Persisitence",https://hackforums.net/showthread.php?tid=5389720,RAT,
FREE How to setup & execute Rat For Android Tutorial.,External Remote Services,"Initial Access, Persisitence",https://hackforums.net/showthread.php?tid=5713772,,
Ebook?,NA,NA,https://hackforums.net/showthread.php?tid=5955605,,
Find Passwords From Leaked Databases,Search Open Technical Databases,"Reconassiance, Credential Access",https://hackforums.net/showthread.php?tid=5818022,,
disabling speed for users in same wifi network,NA,NA,https://hackforums.net/showthread.php?tid=5954943,,
I want to learn,NA,NA,https://hackforums.net/showthread.php?tid=5954243,,
Forgot Windows Pass? -No Problem!,Hardware Additions,Initial Access,https://hackforums.net/showthread.php?tid=5945378,,
Help with cracking Fortnite Accounts,Obtain Capabilities,Resource Development,https://hackforums.net/showthread.php?tid=5876995,,
[TuT] Crack ZIP & RAR Archive Password [FREE],Brute Force,Credential Access,https://hackforums.net/showthread.php?tid=4951539,,
Need to learn a lot but want to start here,Remote Access Software,Control and Command,https://hackforums.net/showthread.php?tid=5953449,,
How to see Private Photobucket Albums sprites,NA,NA,https://hackforums.net/showthread.php?tid=5941280,,
any tools for unpacking,NA,NA,https://hackforums.net/showthread.php?tid=5952871,unpacking,
How to downolad files from satoshibox.com?,Data from Information Repositories,Collection,https://hackforums.net/showthread.php?tid=5410165,,
Social Engineering Basics - Persuasion - Hack your Social Life,NA,NA,https://hackforums.net/showthread.php?tid=5951050,,
Syslogger,NA,NA,https://hackforums.net/showthread.php?tid=5952270,syslog,
Help me for Wordpress Hacking Website?,NA,NA,https://hackforums.net/showthread.php?tid=5952247,,
"Tutorials for creating stro using scans (Wordpress, JMX, usec ejb, usec_pma, Joomla..",Active Scanning,Reconassiance,https://hackforums.net/showthread.php?tid=5946356,,
[Request] Undetectable VM,NA,NA,https://hackforums.net/showthread.php?tid=5951621,VM,
Kali Linux - understanding the fundamentals.,NA,NA,https://hackforums.net/showthread.php?tid=5818130,Kali linux,
After Router Access,Gather Victim Network Information,Reconassiance,https://hackforums.net/showthread.php?tid=5943078,,
finding the ip of the device,Gather Victim Network Information,Reconassiance,https://hackforums.net/showthread.php?tid=5950794,,
Remove RAR/Zip password?,Deobfuscate/Decode Files or Information,Defense Evasion,https://hackforums.net/showthread.php?tid=5941386,,
How to Induce Users Click 'Enable Macro'?,User Execution,Execution,https://hackforums.net/showthread.php?tid=5950209,,
Websites hacking (content/htcaccess/robots),Exploit Public-Facing Application,Initial Access,https://hackforums.net/showthread.php?tid=5950364,,
Need help with hacking mails,Compromise Accounts,Resource Development,https://hackforums.net/showthread.php?tid=5950282,,
I need Help getting around My circle with disney,Gather Victim Network Information,Reconassiance,https://hackforums.net/showthread.php?tid=5849115,,
Cord Cutting with KODI (Fire Stick & Roku),NA,NA,https://hackforums.net/showthread.php?tid=5856826,Kodi,
I will pay if you teach me,NA,NA,https://hackforums.net/showthread.php?tid=5947225,Burp,
USB-Spreading | Spread your RAT via USB!,Hardware Additions,Initial Access,https://hackforums.net/showthread.php?tid=5071789,,
looking for rdp shops,Acquire Infrastructure,Resource Development,https://hackforums.net/showthread.php?tid=5941778,,
Index of Virus Scanner with no samples distribute,NA,NA,https://hackforums.net/showthread.php?tid=3789595,Virus scanner,
Create simple Config - Sentry MBA,Gather Victim Network Information,Reconassiance,https://hackforums.net/showthread.php?tid=5194586,,
Secure Shred HDD,Disk Wipe,Impact,https://hackforums.net/showthread.php?tid=5944086,,
[TUT]MAKE 100% FUD YOUR RAT or VIRUS[TUT],Masquerading,Defense Evasion,https://hackforums.net/showthread.php?tid=3562805,FUD,
[2017][AutoPilot]Get thousands of Fb/Twitter/MANYMORE followers hourly!,Establish Accounts,Resource Development,https://hackforums.net/showthread.php?tid=3122753,,
[TUT] Creating Custom Undetectable Macros,User Execution,Execution,https://hackforums.net/showthread.php?tid=5786642,,
[Tutorial] [How To Be Anonymous Part 1] Computer Setup,NA,NA,https://hackforums.net/showthread.php?tid=4856150,Computer setup tutorial,
[Tut] Logitech SE Method! Free Logitech items!,NA,NA,https://hackforums.net/showthread.php?tid=5942709,Selling Logitech product,
hacking tutorial resource,NA,NA,https://hackforums.net/showthread.php?tid=5942161,course sharing,
eBay SDK information,Search Open Websites/Domains,Reconassiance,https://hackforums.net/showthread.php?tid=5941656,,
Gmail Hack Help Please,Compromise Accounts,Resource Development,https://hackforums.net/showthread.php?tid=5940827,,
Hacking Cheating Girlfriend,"Phishing, Input Capture","Initial Access, Credential Access",https://hackforums.net/showthread.php?tid=5941025,,
Question,NA,NA,https://hackforums.net/showthread.php?tid=5940872,,
hydra cracking not working.,Brute Force,Credential Access,https://hackforums.net/showthread.php?tid=5939674,,
Snapchat mentoring,Compromise Accounts,Resource Development,https://hackforums.net/showthread.php?tid=5940807,,
Need tuto for hack facebook,Compromise Accounts,Resource Development,https://hackforums.net/showthread.php?tid=1308881,,
I simply don't know where to start,NA,NA,https://hackforums.net/showthread.php?tid=5939543,,
[TUT] How to Viewbot Twitch.tv for free,Proxy,Command and Control,https://hackforums.net/showthread.php?tid=4858161,,
Paid tutorials for free,NA,NA,https://hackforums.net/showthread.php?tid=5937416,,
[TUT] Using Raptor to make a combo list from single lists,NA,NA,https://hackforums.net/showthread.php?tid=3248122,,
[EVIL-TWIN TUTORIAL] CAPTIVE PORTAL - automatic login pop-up,Command and Scripting Interpreter,Execution,https://hackforums.net/showthread.php?tid=5926317,,
[TUTORIAL] Metasploit Tutorial Part 1 - INSTALLATION,Obtain Capabilities,Resource Development,https://hackforums.net/showthread.php?tid=4124763,,
Hacking resources,NA,NA,https://hackforums.net/showthread.php?tid=5936573,,
Help for cyberbullying,Compromise Accounts,Resource Development,https://hackforums.net/showthread.php?tid=5873845,,
Iphone 8,NA,NA,https://hackforums.net/showthread.php?tid=5936457,reverse TCP,
Port Forwarding with Ngrok error,"Phishing for Information, Phishing","Reconassiance, Initial Access",https://hackforums.net/showthread.php?tid=5936092,,
[Tutorial] How To Hack Into A Computer on Lan,"Active Scanning, Gather Victim Network Information","Reconassiance, Initial Access",https://hackforums.net/showthread.php?tid=5888478,,
Instagram Followers,NA,NA,https://hackforums.net/showthread.php?tid=5908864,,
New to hacking and whatnot.,Obtain Capabilities,Resource Development,https://hackforums.net/showthread.php?tid=5935448,,
Cleanup your Windows 10 Virtual machines,NA,NA,https://hackforums.net/showthread.php?tid=5935454,clean VM,
[TuT] 10 easy steps WEP Cracking.,"Gather Victim Network Information, Brute Force","Reconassiance, Credential Access",https://hackforums.net/showthread.php?tid=1074780,,
[FULL XSS TUT] How To Steal Cookies // Hacking With XSS [/FULL XSS TUT],Drive-by Compromise,Initial Access,https://hackforums.net/showthread.php?tid=2311437,,
Bypassing Web Hoster Phishing Filters,"Phishing for Information, Phishing","Reconassiance, Initial Access",https://hackforums.net/showthread.php?tid=5927136,,
Detect Arp poising in Network,"Network Sniffing, Adversary-in-the-Middle","Discovery, Collection",https://hackforums.net/showthread.php?tid=5932870,,
Getting into a voicemail box,Brute Force,Credential Access,https://hackforums.net/showthread.php?tid=5927116,,
Basic Beginner Wifi hacking WEP||Kali Linux||,"Gather Victim Network Information, Brute Force","Reconassiance, Credential Access",https://hackforums.net/showthread.php?tid=5310770,,
IP Address Hacking,Gather Victim Network Information,Reconassiance,https://hackforums.net/showthread.php?tid=5928734,,
Locked APK files,Deobfuscate/Decode Files or Information,Defense Evasion,https://hackforums.net/showthread.php?tid=5930607,,
Ultimate MySQL Injection Tutorial For Beginners[PART 2] 100% NOOB FRIENDLY!!,"Gather Victim Network Information, Exploitation for Credential Access","Reconassiance, Credential Access",https://hackforums.net/showthread.php?tid=2510207,,
Intro to the DVWA,"Exploitation for Credential Access, BruteForce",Credential Access,https://hackforums.net/showthread.php?tid=5929691,,
WiFI Security HotSpot >> Tutorial.,User Execution,Execution,https://hackforums.net/showthread.php?tid=5929583,Captive Portal,
Found whole box of insurance policies. ???,NA,NA,https://hackforums.net/showthread.php?tid=5927784,,
How to setup a custom ShareX image uploader,NA,NA,https://hackforums.net/showthread.php?tid=5783323,ShareX,
Anonymous SuperHacker Guide 2018 Free,NA,NA,https://hackforums.net/showthread.php?tid=5901556,,
Someone Teach Me How To Information Gathering Someone By Instagram Account,Compromise Accounts,Resource Development,https://hackforums.net/showthread.php?tid=5926861,,
Any guides for complete beginners?,NA,NA,https://hackforums.net/showthread.php?tid=5926579,,
[Question] Which Coding,NA,NA,https://hackforums.net/showthread.php?tid=5924701,,
Portal Example (Captive Portal html),User Execution,Execution,https://hackforums.net/showthread.php?tid=5926323,Captive Portal,
Voice number verification,Brute Force,Credential Access,https://hackforums.net/showthread.php?tid=5925986,,
How to fake Skype messages,Create Accounts,Resource Development,https://hackforums.net/showthread.php?tid=5651542,,
Learning Security +,NA,NA,https://hackforums.net/showthread.php?tid=5920373,,
Tutorial SSHStrip MITM Attack,Adversary-in-the-Middle,"Credential Access, Collection",https://hackforums.net/showthread.php?tid=5921553,,
[TUTORIAL] Hack any IPhone/Android/Blackberry Phone [TUTORIAL],Ingress Tool Transfer,Command and Control,https://hackforums.net/showthread.php?tid=3398504,,
[TUT] A Comprehensive Guide to XSS || Beginner to Advanced,Drive-by Compromise,Initial Access,https://hackforums.net/showthread.php?tid=5904132,,
Wifi question,"Network Sniffing, Adversary-in-the-Middle","Discovery, Collection",https://hackforums.net/showthread.php?tid=5923283,,
[TUT] Getting Started with HackTheBox,NA,NA,https://hackforums.net/showthread.php?tid=5915526,Hackthebox,
ANDROID spying tool,External Remote Services,"Initial Access, Persisitence",https://hackforums.net/showthread.php?tid=5917462,,
[Tutorial] on how to ISP Dox/Social Engineer,Account Discovery,Discovery,https://hackforums.net/showthread.php?tid=4669234,,
Content Database,Data from Information Repositories,Collection,https://hackforums.net/showthread.php?tid=5921474,,
[[How to get Girls/Female victims in your RAT]],"Phishing for Information, Phishing","Reconassiance, Initial Access",https://hackforums.net/showthread.php?tid=2665301,,
Hack photobucket,Data from Network Shared Drive,Collection,https://hackforums.net/showthread.php?tid=2209528,,
How to see Private Photobucket Albums,Data from Network Shared Drive,Collection,https://hackforums.net/showthread.php?tid=2155402,,
Hello there,Compromise Accounts,Resource Development,https://hackforums.net/showthread.php?tid=5920244,,
How to crack ANY program! Cool Way,Exploitation for Privilege Escalation,Privilege Escalation,https://hackforums.net/showthread.php?tid=1645333,,
How To Format Thin Client C: Drive,NA,NA,https://hackforums.net/showthread.php?tid=5919560,,
where can i learn network +?,NA,NA,https://hackforums.net/showthread.php?tid=5917824,,
facebook accounts,Create Accounts,Resource Development,https://hackforums.net/showthread.php?tid=5911675,,
How to unlock Fake Facebook account,NA,NA,https://hackforums.net/showthread.php?tid=5916457,Unlock account,
Captive Portal do it yourself! No Fluxion/Airgeddon/Wifiphisher. 100% custom,User Execution,Execution,https://hackforums.net/showthread.php?tid=5868338,,
where to learn how to breach into twitter accounts,Compromise Accounts,Resource Development,https://hackforums.net/showthread.php?tid=5918009,,
[Tutorial] Setting Up DarkComet v5 [Detailed] [Crypt Friendly] [Pictures],Acquire Infrastructure,Resource Development,https://hackforums.net/showthread.php?tid=2170198,,
like having free internet on my cell phone,NA,NA,https://hackforums.net/showthread.php?tid=5828785,,
Get Paid to Hack an Facebook or Instagram Account,Compromise Accounts,Resource Development,https://hackforums.net/showthread.php?tid=5916706,,
Someone to hack,Obtain Capabilities,Resource Development,https://hackforums.net/showthread.php?tid=5916052,,
Learn How To Hack Facebook To View Private profile Pictures,"Compromise Accounts, Data from Information Repositories","Resource Development, Collection",https://hackforums.net/showthread.php?tid=847137,,
Understanding and Cracking Password Hashes,"Exploitation for Credential Access, BruteForce",Credential Access,https://hackforums.net/showthread.php?tid=5915812,,
[Help] How to make a RAT,External Remote Services,"Initial Access, Persisitence",https://hackforums.net/showthread.php?tid=5906401,,
Want to start RATing. Willing to pay for help,External Remote Services,"Initial Access, Persisitence",https://hackforums.net/showthread.php?tid=5912891,,
100% FREE PHONE NUMBER SPOOFER!,Phishing,Initial Access,https://hackforums.net/showthread.php?tid=5891259,,
Pay $ to buy or learn how to hack microsoftonline webmails,Obtain Capabilities,Resource Development,https://hackforums.net/showthread.php?tid=5913501,,
Looking for someone to help me portfoward (discord),Obtain Capabilities,Resource Development,https://hackforums.net/showthread.php?tid=5913216,,
help with rdp user password combo,Application Layer Protocol,Command and Control,https://hackforums.net/showthread.php?tid=5914186,,
[TUT] Kick People Off THEIR OWN Network! Wifi Chaos #3,Service Stop,Impact,https://hackforums.net/showthread.php?tid=4046819,,
imvu account,Compromise Accounts,Resource Development,https://hackforums.net/showthread.php?tid=5913827,,
EMAIL phishing,"Phishing for Information, Phishing","Reconassiance, Initial Access",https://hackforums.net/showthread.php?tid=5897932,,
Help with BEeF Framework,NA,NA,https://hackforums.net/showthread.php?tid=5912589,,
How to lagswitch,Data Manipulation,Impact,https://hackforums.net/showthread.php?tid=5911689,,
No longer available sort of sorry.,Data from Information Repositories,Collection,https://hackforums.net/showthread.php?tid=5910442,,
"Hack The Box"" priv escalation""",Valid Accounts,Privilege Escalation,https://hackforums.net/showthread.php?tid=5905453,,
How to pass 3-D Secure,Weaken Encryption,Defense Evasion,https://hackforums.net/showthread.php?tid=5896240,,
Searching Teacher,Obtain Capabilities,Resource Development,https://hackforums.net/showthread.php?tid=5894504,,
[TUTORIAL] MAKE COINHIVE OR ANY MONERO MINER UNDETECTED,Masquerading,Defense Evasion,https://hackforums.net/showthread.php?tid=5907589,,
Laying low in exploited root box with new user and root privilege [TUT],Abuse Elevation Control Mechanism,Privilege Escalation,https://hackforums.net/showthread.php?tid=5911511,,
I need a steam users ip,Gather Victim Identify Information,Reconassiance,https://hackforums.net/showthread.php?tid=5910856,,
Doxing,"Account Discovery, Data Manipulation","Discovery, Impact",https://hackforums.net/showthread.php?tid=5899018,,
Have you ever wanted to clean up your facebook account?,Data Manipulation,Impact,https://hackforums.net/showthread.php?tid=5910450,,
*~¬∞¬∞Easy Root Server Hacking TUT¬∞¬∞~* [Noob friendly],System Services,Execution,https://hackforums.net/showthread.php?tid=2098182,"Easy Root Server Hacking TUT :-) what you need: CM Root Server IP DFind.exe SQLck.exe Azreal SQL Cmd 1.5 A IP Scanning create a folder with all the apps on your desktop -> DFind.Exe/CMD/ create a DFind.txt file in this folder run cmd, type >dind -p 1433 101.0.0.0 - 101.5.0.0.0 2500 [or specific IP] now the scan will start ip+report can now be found in Dfind.txt B Bruting create a i.txt/pw.txt/users.txt/out.txt in your folde write Root IP into i.txt start cmd, type >sqlck -i i.txt -p pw.txt -u users.txt -o out.txt, enter ip+port can now be found in i.txt C List Users+Passes type >mssql [IP] -u sa -p sa in your CMD you will get the message SQL trying to open door congratz you are connected to the server type >net user to list user+passes",
Beginner's Guide to Git and Github,NA,NA,https://hackforums.net/showthread.php?tid=5909130,,
Progress in hacking,NA,NA,https://hackforums.net/showthread.php?tid=5909719,,
can anyone get into a @yahoo.com for me ?,Gather Victim Identify Information,Reconassiance,https://hackforums.net/showthread.php?tid=5902821,,
[TUT] Making your own HQ Icons / Defeating the Gen.Kazy Detection,,,https://hackforums.net/showthread.php?tid=5182868,,
Instagram cracker help,,,https://hackforums.net/showthread.php?tid=5545726,,
"Best way of RAT injection""""",,,https://hackforums.net/showthread.php?tid=5904007,,
hack gmail account,,,https://hackforums.net/showthread.php?tid=5843310,,
instagram,,,https://hackforums.net/showthread.php?tid=5880928,,
Where to get BTC,,,https://hackforums.net/showthread.php?tid=5908277,,
Sharing New attack technique that uses YouTube and Office documents to spread malware,,,https://hackforums.net/showthread.php?tid=5907868,,
B r u t e f o r c e EVO 2,,,https://hackforums.net/showthread.php?tid=1994675,,
Can hydra tool do this for me ?,,,https://hackforums.net/showthread.php?tid=5892716,,
Hack Websites Through Config Links,,,https://hackforums.net/showthread.php?tid=5905918,,
G-mail Advance Hacking Guides and Tutorials,,,https://hackforums.net/showthread.php?tid=5902139,,
Doxing,,,https://hackforums.net/showthread.php?tid=5901220,,
Bypass bsnl speed/data limit by masking every download,,,https://hackforums.net/showthread.php?tid=4961725,,
My Weekend Project : Backing Up Mobile Data On Personal Cloud,,,https://hackforums.net/showthread.php?tid=5903328,,
password for .exe file,,,https://hackforums.net/showthread.php?tid=5899542,,
Hacking Website Database and Owning system,,,https://hackforums.net/showthread.php?tid=5902142,,
Hacking App,,,https://hackforums.net/showthread.php?tid=5698233,,
Use Backdoor For VpS Step By Step,,,https://hackforums.net/showthread.php?tid=5896680,,
king-phisher setup,,,https://hackforums.net/showthread.php?tid=5897981,,
[Samaritans] Create Your Own USB Password Stealer,,,https://hackforums.net/showthread.php?tid=5868881,,
I need bot for instagram please Help!!,,,https://hackforums.net/showthread.php?tid=5897068,,
Remote Admin Tool 101 Course - Written By: Armada,,,https://hackforums.net/showthread.php?tid=4992638,,
[TUTORIAL] How to brute force/hack accounts with THC-HYDRA (Works on Linux),,,https://hackforums.net/showthread.php?tid=4416015,,
[TuT]How To Setup DarkComet Rat 5.3.1+Port Forwarding+Noip+FuD Crypter[TuT]HQ,,,https://hackforums.net/showthread.php?tid=3430963,,
"Found an old 'magazine' featuring backtrack, it's pretty good, for free.",,,https://hackforums.net/showthread.php?tid=5896322,,
Zoosk Config,,,https://hackforums.net/showthread.php?tid=5887954,,
What is the best way to hack a targets email?,,,https://hackforums.net/showthread.php?tid=5895597,,
How can i hack facebook account?,,,https://hackforums.net/showthread.php?tid=5894936,,
[Tutorial] Install Metasploit-Framework on Android,,,https://hackforums.net/showthread.php?tid=5889671,,
RESEAU,,,https://hackforums.net/showthread.php?tid=5893806,,
[NEW] Bettercap - The Extensible MITM Framework (HACK ANY DEVICE ON YOUR NETWORK!),,,https://hackforums.net/showthread.php?tid=5159546,,
.apk to an image??,,,https://hackforums.net/showthread.php?tid=5745801,,
immediate extra cash wallet,,,https://hackforums.net/showthread.php?tid=5893459,,
SELLING METASPLOIT EXPRESS and PAYLOAD,,,https://hackforums.net/showthread.php?tid=5595144,,
Can someone send me a dox tutorial?,,,https://hackforums.net/showthread.php?tid=5792787,,
ftp hack turtial,,,https://hackforums.net/showthread.php?tid=5889981,,
OvertheWire Natas29,,,https://hackforums.net/showthread.php?tid=5626227,,
[HELP!] I want to change code,,,https://hackforums.net/showthread.php?tid=5892473,,
[Early-Alpha] - Cross-Platform Game to Teach Hacking Fundamentals,,,https://hackforums.net/showthread.php?tid=5891574,,
‚òÖ ‚òÖ ‚òÖ A complete Hacker Guide for Newbies ‚òÖ ‚òÖ ‚òÖ,,,https://hackforums.net/showthread.php?tid=2745449,,
|‚òÖ‚òÖ‚òÖ‚òÖ| How To Find Facebook Emails and Passwords |‚òÖ‚òÖ‚òÖ‚òÖ|,,,https://hackforums.net/showthread.php?tid=3515149,,
Question about hacking any account .,,,https://hackforums.net/showthread.php?tid=5890475,,
bruteforcer needed,,,https://hackforums.net/showthread.php?tid=5890431,,
USB password-hoover kit,,,https://hackforums.net/showthread.php?tid=1107276,,
snapchat account hacking guide?,,,https://hackforums.net/showthread.php?tid=5888994,,
IGNORE,,,https://hackforums.net/showthread.php?tid=5889745,,
Cmd Prompt has been disabled by you administrator...,,,https://hackforums.net/showthread.php?tid=369614,,
Learning to Code Advance Keylogger,,,https://hackforums.net/showthread.php?tid=5889258,,
"How to Decompile c++/c , Delphi,Vb6,VB.Net, or java programs",,,https://hackforums.net/showthread.php?tid=420678,,
Setting up Proxychains to stay ANONYMOUS | Easy Guide.,,,https://hackforums.net/showthread.php?tid=5887485,,
UNLIMITED SMS VERIFY,,,https://hackforums.net/showthread.php?tid=5880535,,
[TUT] Bind Any Files Together In FUD Smart Way! [Noob Friendly!],,,https://hackforums.net/showthread.php?tid=5526566,,
Protect your website from DDOS without Cloudflare!,,,https://hackforums.net/showthread.php?tid=5887395,,
[TuT]Cracking Porn Passwords - Step-By-Step [Noob Friendly][TuT],,,https://hackforums.net/showthread.php?tid=672457,,
Who's can hack hotmail?,,,https://hackforums.net/showthread.php?tid=5361976,,
[FREE] Flash player spread methode by TheExclusive. Work with all versions!,,,https://hackforums.net/showthread.php?tid=3915768,,
Pls i need help,,,https://hackforums.net/showthread.php?tid=5885989,,
how to hack facebook account?,,,https://hackforums.net/showthread.php?tid=5886073,,
[TuT] Virus Spreading - Good ways to spread and get more victims!,,,https://hackforums.net/showthread.php?tid=156693,,
Looking for Voxis developers urgent needed.,,,https://hackforums.net/showthread.php?tid=5885843,,
RDP (REQUEST),,,https://hackforums.net/showthread.php?tid=5846067,,
Introduction to web hacking : Enumerating Web Server,,,https://hackforums.net/showthread.php?tid=5651062,,
[ HTTP ] How to Setup a Botnet [ Free Website+Hosting ],,,https://hackforums.net/showthread.php?tid=2653699,,
Android hacking advice,,,https://hackforums.net/showthread.php?tid=5883271,,
Chegg accounts,,,https://hackforums.net/showthread.php?tid=5881547,,
[STEP BY STEP]‚ñ¨Hacking Gmail account using GX Cookie‚ñ¨[-NOOB FRIENDLY-][MUST SEE],,,https://hackforums.net/showthread.php?tid=1333901,,
[TUT] INTRODUCTION TO XSS,,,https://hackforums.net/showthread.php?tid=5642840,,
[Tutorial] How to Hack Android Devices Using Metasploit,,,https://hackforums.net/showthread.php?tid=5378389,,
[NEW]Metasploit Tutorials collection[Tutorials],,,https://hackforums.net/showthread.php?tid=5409675,,
How To Hack A Gmail Account Using Packet Sniffing Attack,,,https://hackforums.net/showthread.php?tid=5875001,,
"[TUT]Bettercap: Sniffing, SSLstrip w/ HSTS Bypass AND MORE!",,,https://hackforums.net/showthread.php?tid=5543932,,
How To Make Dorks - HQ MQ LQ Dorks Tutoria,,,https://hackforums.net/showthread.php?tid=5765350,,
How to become a hacker?,,,https://hackforums.net/showthread.php?tid=5881784,,
Tutorials,,,https://hackforums.net/showthread.php?tid=5882475,,
How To Hack Windows Password [All Windows],,,https://hackforums.net/showthread.php?tid=5874999,,
"How to make exe to pdf, jpg, png, rar...",,,https://hackforums.net/showthread.php?tid=5796868,,
CONFIGS,,,https://hackforums.net/showthread.php?tid=5882170,,
tutorial for binders and encrypters,,,https://hackforums.net/showthread.php?tid=5882012,,
Kali-Linux,,,https://hackforums.net/showthread.php?tid=5878944,,
How To Hack Facebook Password Using Brute Force,,,https://hackforums.net/showthread.php?tid=5874987,,
Lanc,,,https://hackforums.net/showthread.php?tid=5879853,,
reverse engineering lovoo,,,https://hackforums.net/showthread.php?tid=5879602,,
30 Second Method to Find Facebook Emails,,,https://hackforums.net/showthread.php?tid=5877005,,
[TUT]Bypassing Kaspersky Endpoint Security 10,,,https://hackforums.net/showthread.php?tid=5241876,,
[HELP] Search Query for VOIP ?,,,https://hackforums.net/showthread.php?tid=5736744,,
New Working E-Mail And SMS Bomber,,,https://hackforums.net/showthread.php?tid=971049,,
Tutorial | Cracking RAR files,,,https://hackforums.net/showthread.php?tid=5875811,,
[Tutorial] Login to a Clients Gmail Account (Reverse Proxy),,,https://hackforums.net/showthread.php?tid=5220138,,
Phishing,,,https://hackforums.net/showthread.php?tid=5874468,,
How to cheat at Hq Trivia?,,,https://hackforums.net/showthread.php?tid=5874368,,
[TUT] How to Crack Programs For Beginners with IDA Pro,,,https://hackforums.net/showthread.php?tid=5513817,,
Help me hack facebook account,,,https://hackforums.net/showthread.php?tid=5872157,,
Lifehack thread - Hack Forums edition,,,https://hackforums.net/showthread.php?tid=5873641,,
hello,,,https://hackforums.net/showthread.php?tid=5873276,,
how can i hack snapchat account,,,https://hackforums.net/showthread.php?tid=5872945,,
Someone want to hack a hotmail for me? I'll pay if needed,,,https://hackforums.net/showthread.php?tid=5872955,,
making undetectable torjan or server,,,https://hackforums.net/showthread.php?tid=150386,,
who can hack yahoo emails?,,,https://hackforums.net/showthread.php?tid=5872738,,
How to hack someones facebook?,,,https://hackforums.net/showthread.php?tid=5871096,,
How to hack fb,,,https://hackforums.net/showthread.php?tid=5871374,,
Instagram Hacks,,,https://hackforums.net/showthread.php?tid=5698303,,
Removing windows restrictions = ability to do ANYTHING,,,https://hackforums.net/showthread.php?tid=5871832,,
Free netflix after patch???,,,https://hackforums.net/showthread.php?tid=5870260,,
Innovation presents: How to create an SSH tunnel and spoof your IP,,,https://hackforums.net/showthread.php?tid=3406608,,
Facebook Hack,,,https://hackforums.net/showthread.php?tid=5869180,,
please some one should help me correct this its not working its a simple smtp bruter,,,https://hackforums.net/showthread.php?tid=5871021,,
Looking for Help (Wifi Captive Portals) -Admin Acess/Editing,,,https://hackforums.net/showthread.php?tid=5870485,,
[TUT] darkcomet running on kali linux,,,https://hackforums.net/showthread.php?tid=4160242,,
[TUT] WPScan,,,https://hackforums.net/showthread.php?tid=5563094,,
How to improve Network Security Skill,,,https://hackforums.net/showthread.php?tid=5865566,,
Famous LBC Cashout Service}}https://www.youtube.com/user/secureworks/featured,,,https://hackforums.net/showthread.php?tid=5869214,,
[Samaritans] Hide a Payload or any executable in a shortcut folder,,,https://hackforums.net/showthread.php?tid=5866175,,
[TUT] Hacking WEP-WPA-WPA2 [TUT] NOOB FRIENDLY,,,https://hackforums.net/showthread.php?tid=4255697,,
Complete noob to hacking.,,,https://hackforums.net/showthread.php?tid=5805285,,
[Huge TuT 2018]--Highly Detailed Ways To Stay Anonymous--,,,https://hackforums.net/showthread.php?tid=5822036,,
Twitter account,,,https://hackforums.net/showthread.php?tid=5868086,,
Linux on Windows 10 [NO DualBoot or VM] *WSL,,,https://hackforums.net/showthread.php?tid=5868047,,
How to Crack Wifi Networks,,,https://hackforums.net/showthread.php?tid=5753846,,
How to Crack Hardware ID (HWID) Authentication Systems,,,https://hackforums.net/showthread.php?tid=5254492,,
How to Upload Shell (Ninja Method),,,https://hackforums.net/showthread.php?tid=5863521,,
RATs(remote administration tool),,,https://hackforums.net/showthread.php?tid=5866034,,
Please help me ::-- Eternalromance failed,,,https://hackforums.net/showthread.php?tid=5865942,,
Free internet trick for indian user who using idea sim,,,https://hackforums.net/showthread.php?tid=5865921,,
I would like to know on how to crack remote desktop ips in the php webshell.,,,https://hackforums.net/showthread.php?tid=5865496,,
RAT in a .doc/.xls?,,,https://hackforums.net/showthread.php?tid=5864872,,
[HELP] Anyone have a copy of this book they could share?,,,https://hackforums.net/showthread.php?tid=5864926,,
Non-distributing multi-engine web-based malware scanner comparison,,,https://hackforums.net/showthread.php?tid=5863951,,
cracking instagram using kali,,,https://hackforums.net/showthread.php?tid=5858735,,
oscp,,,https://hackforums.net/showthread.php?tid=5863283,,
‚òÖ‚òÖ‚òÖ[Free for all]The Certified Ethical Hacker course V7.0[Free for all]‚òÖ‚òÖ‚òÖ,,,https://hackforums.net/showthread.php?tid=1582417,,
[FREE] HOW TO BECOME BIG HACKER [UNDER 1 WEEK],,,https://hackforums.net/showthread.php?tid=5861086,,
Suggestions for geo-location...,,,https://hackforums.net/showthread.php?tid=5862667,,
afterpay????,,,https://hackforums.net/showthread.php?tid=5860296,,
[TuT] Creating Filefortune accounts for FREE,,,https://hackforums.net/showthread.php?tid=336768,,
Crack WIFI WEP Using Fern WIFI Cracker,,,https://hackforums.net/showthread.php?tid=4212584,,
Request,,,https://hackforums.net/showthread.php?tid=5861668,,
Need a tutorial on how to sim swap already have a empty sim,,,https://hackforums.net/showthread.php?tid=5861481,,
How do I keylog my phone? (iPhone),,,https://hackforums.net/showthread.php?tid=5861479,,
How can i hide my DNS,,,https://hackforums.net/showthread.php?tid=5861090,,
Special task in snapchat,,,https://hackforums.net/showthread.php?tid=5858733,,
Hacking And Security Ebooks Collection,,,https://hackforums.net/showthread.php?tid=5784465,,
"Erase hijack msg from viber,f b database hq#",,,https://hackforums.net/showthread.php?tid=5835175,,
"A sneak peek into my Hacking E-book,take a look.",,,https://hackforums.net/showthread.php?tid=4970857,,
Deface Site with Ninja Method,,,https://hackforums.net/showthread.php?tid=5858414,,
Great List Of Resources for Penetration Tester - Ethical Hacker - Wannabe Kiddie,,,https://hackforums.net/showthread.php?tid=5779726,,
The Famous Ethical Hacking and Network Security course [With links NO PMs],,,https://hackforums.net/showthread.php?tid=1744105,,
Jam all network nearby,,,https://hackforums.net/showthread.php?tid=5857768,,
hacking,,,https://hackforums.net/showthread.php?tid=5857046,,
[TUT] How to Start Your Own Stresser/Booter (NOOB FRIENDLY) [Step By Step],,,https://hackforums.net/showthread.php?tid=3223478,,
Valid emails,,,https://hackforums.net/showthread.php?tid=5855883,,
!!!!!!!!!!!!!CRYPTOMinerGate MINING METHOD!!!!!!!!!!!!!,,,https://hackforums.net/showthread.php?tid=5853137,,
What are your favorite hacking books?,,,https://hackforums.net/showthread.php?tid=5856892,,
~Simple Bitcoin mining Method,,,https://hackforums.net/showthread.php?tid=3108625,,
Mega Hacking Tutorial - Protecting Yourself - Shelling websites completely -Monetize,,,https://hackforums.net/showthread.php?tid=5841600,,
How can i DOWNLOAD (not recording) videos from amazon or netflix?,,,https://hackforums.net/showthread.php?tid=5594385,,
All the way to the beginning,,,https://hackforums.net/showthread.php?tid=5855485,,
Simple Man in the middle attack on windows.,,,https://hackforums.net/showthread.php?tid=5501385,,
Man-in-the-Middle + DNS Spoof + Se-toolkit CredentialHarvesting,,,https://hackforums.net/showthread.php?tid=5481532,,
Big Bug !!!!!!,,,https://hackforums.net/showthread.php?tid=5853432,,
###CyberGate v1.04 [RAT] Tutorial### By: Peek,,,https://hackforums.net/showthread.php?tid=362500,,
"FREE SMS Verification Tutorial (Uber, Facebook, etc)",,,https://hackforums.net/showthread.php?tid=5849230,,
Alternative to cheat engine,,,https://hackforums.net/showthread.php?tid=5851385,,
Vpn with portfowarding (want run rat),,,https://hackforums.net/showthread.php?tid=3952886,,
[Tutorial] Build a android sms logger application easy !,,,https://hackforums.net/showthread.php?tid=5158067,,
[TUT] Exploit Cookies With iCloud Rip To Gain Access To FB,,,https://hackforums.net/showthread.php?tid=4187017,,
how to run a rat as stealthly as possible,,,https://hackforums.net/showthread.php?tid=5851026,,
How to download houdini on IOS 11.3.1 without millions of tries,,,https://hackforums.net/showthread.php?tid=5849430,,
Evil Maid attacks in less than a minute,,,https://hackforums.net/showthread.php?tid=5850067,,
Crypto Currency Mining Help!,,,https://hackforums.net/showthread.php?tid=5843399,,
USB password upload to site.,,,https://hackforums.net/showthread.php?tid=5428658,,
Need someone who does spam services,,,https://hackforums.net/showthread.php?tid=5847413,,
[Guide] Close any Facebook account in 24 hours.,,,https://hackforums.net/showthread.php?tid=1291445,,
[TuT] Cracking Passwords With Kali Linux [2018],,,https://hackforums.net/showthread.php?tid=5824266,,
[Tutorial] See what images your network is viewing - Windows,,,https://hackforums.net/showthread.php?tid=5353419,,
Hack a snapchat account for me and the my eyes only password,,,https://hackforums.net/showthread.php?tid=5844295,,
Web hacking 101 VS The web application hacker's handbook,,,https://hackforums.net/showthread.php?tid=5844487,,
Snapchat question,,,https://hackforums.net/showthread.php?tid=5843611,,
Hacking Qestions,,,https://hackforums.net/showthread.php?tid=5843549,,
computer hacking,,,https://hackforums.net/showthread.php?tid=5843342,,
i need help some website hack pm please,,,https://hackforums.net/showthread.php?tid=5843175,,
quick help,,,https://hackforums.net/showthread.php?tid=5843072,,
TuT: WPA/WPA2 passphrases,,,https://hackforums.net/showthread.php?tid=5842111,,
Hacking A Facebook Account,,,https://hackforums.net/showthread.php?tid=5798297,,
[Tutorial] Introduction to reverse engineering,,,https://hackforums.net/showthread.php?tid=5841962,,
How to hack snapchat,,,https://hackforums.net/showthread.php?tid=5839293,,
Stealing email credentials with IDN homograph attack (evilurl.py),,,https://hackforums.net/showthread.php?tid=5823600,,
Somebody know how to crack ip address??,,,https://hackforums.net/showthread.php?tid=5839736,,
No Distribution Online Virus scanners,,,https://hackforums.net/showthread.php?tid=5300981,,
[TUTORIAL] Hacking Methodologies: Why you need one [INFLUENCE],,,https://hackforums.net/showthread.php?tid=5838618,,
JPEG EXE Upload Execution (Misconception),,,https://hackforums.net/showthread.php?tid=5838757,,
Closed,,,https://hackforums.net/showthread.php?tid=5838331,,
.doc Exploit ( help ),,,https://hackforums.net/showthread.php?tid=5838051,,
Can anyone hack instagram account for me?,,,https://hackforums.net/showthread.php?tid=5835349,,
hack website,,,https://hackforums.net/showthread.php?tid=5837661,,
Someone help me hack WhatsApp account please,,,https://hackforums.net/showthread.php?tid=5834903,,
Router exploit RCE Gpon admin command execution,,,https://hackforums.net/showthread.php?tid=5837688,,
OSX Information Gathering,,,https://hackforums.net/showthread.php?tid=5751343,,
[TUT] Cracking WPS pin to obtain Wi-Fi password,,,https://hackforums.net/showthread.php?tid=5835278,,
Facebook,,,https://hackforums.net/showthread.php?tid=5836160,,
Anyone hack a email for me?,,,https://hackforums.net/showthread.php?tid=5835720,,
IOS Activation Lock Bypass 11.3 [REQ],,,https://hackforums.net/showthread.php?tid=5835109,,
[TUT] How to use android phone to control meterpreter sessions,,,https://hackforums.net/showthread.php?tid=5835339,,
[TUT] Bypassing Firewalls/IPS [TUT] [SAMARITANS],,,https://hackforums.net/showthread.php?tid=5834768,,
How to get wifi password,,,https://hackforums.net/showthread.php?tid=5834727,,
"Spreading With Instant Messengers (Yahoo,MSN.Gtalk)",,,https://hackforums.net/showthread.php?tid=1848050,,
Any ACH Tutorials,,,https://hackforums.net/showthread.php?tid=5834697,,
"Delete/Restore data,info,comment off server",,,https://hackforums.net/showthread.php?tid=5834507,,
[Tutorial]Clone any website for a JDB,,,https://hackforums.net/showthread.php?tid=2850401,,
[REQUEST] Mitsubishi Projector,,,https://hackforums.net/showthread.php?tid=5830131,,
Hack Instagram with username and email,,,https://hackforums.net/showthread.php?tid=5466809,,
i need account cs go if you can help me,,,https://hackforums.net/showthread.php?tid=5833954,,
Taking that Skype,,,https://hackforums.net/showthread.php?tid=5821322,,
Download movies from Netflix?,,,https://hackforums.net/showthread.php?tid=5112925,,
"[v2] PaRaNo1D's How-To"" Tutorial Collection v2 - PDF (Noob friendly) [v2]""",,,https://hackforums.net/showthread.php?tid=63951,,
[REQUEST] how creat combo list for porn studio?,,,https://hackforums.net/showthread.php?tid=5831048,,
Good exploit development tutorials??,,,https://hackforums.net/showthread.php?tid=5831721,,
Is it possible to spoof wifi hostname?,,,https://hackforums.net/showthread.php?tid=5831970,,
Unblacklist IMEI?,,,https://hackforums.net/showthread.php?tid=5831766,,
python or c++??,,,https://hackforums.net/showthread.php?tid=5825995,,
List of Hacking Sub-Categories,,,https://hackforums.net/showthread.php?tid=5825733,,
[REQUEST] Prank with an annoying sound on a Macbook Pro,,,https://hackforums.net/showthread.php?tid=5830081,,
Can anyone help me learn to dox for free?,,,https://hackforums.net/showthread.php?tid=5828869,,
[TuT] [HQ] How to Setup nJrat V0.7D[TuT] [With Pictures],,,https://hackforums.net/showthread.php?tid=4002020,,
[TUT] Maintaining Access in a Network [SAMARITANS],,,https://hackforums.net/showthread.php?tid=5828172,,
Need free rdp,,,https://hackforums.net/showthread.php?tid=5828100,,
Can anyone explain SMM panels to me?,,,https://hackforums.net/showthread.php?tid=5826547,,
DELETE THIS THREAD,,,https://hackforums.net/showthread.php?tid=5827518,,
"How to Cracking What-s-app, SnapChat, FB , instaGram?",,,https://hackforums.net/showthread.php?tid=5827036,,
New good spreading method? Opinions needed,,,https://hackforums.net/showthread.php?tid=5825517,,
[Free TuT] Best 5 WiFi Hacking Tools [Kali linux],,,https://hackforums.net/showthread.php?tid=5819762,,
how to do item inspection to my balance,,,https://hackforums.net/showthread.php?tid=5825681,,
How to get unlimited spoof calls - 2018,,,https://hackforums.net/showthread.php?tid=5825411,,
Elastix pentesting,,,https://hackforums.net/showthread.php?tid=5825577,,
Yahoo 2 way authentification,,,https://hackforums.net/showthread.php?tid=5824908,,
Bypass step 2 auth on almost anything!,,,https://hackforums.net/showthread.php?tid=5825468,,
help me to learn,,,https://hackforums.net/showthread.php?tid=5825195,,
How Can I Hack 1 BTC With Cheat Engine Or Some Other Program,,,https://hackforums.net/showthread.php?tid=5825028,,
someone will have a generator for BTC Bitcoin,,,https://hackforums.net/showthread.php?tid=5825080,,
IP Subetting part 1.,,,https://hackforums.net/showthread.php?tid=5824018,,
Advance Attacks in Windows Environment,,,https://hackforums.net/showthread.php?tid=5818220,,
HELP ME IN A MANNER OF IDM,,,https://hackforums.net/showthread.php?tid=5781959,,
[PDF/Tutorial] How to make a crypter,,,https://hackforums.net/showthread.php?tid=5810955,,
[TUT] Free Spoof exe to jpg,,,https://hackforums.net/showthread.php?tid=2959224,,
[TUTORIAL] Scan for vulnerabilities in a webserver,,,https://hackforums.net/showthread.php?tid=4131870,,
Pupy: Cross Plat-form RAT,,,https://hackforums.net/showthread.php?tid=5818802,,
How to payout fast from PayPal,,,https://hackforums.net/showthread.php?tid=5804510,,
TIPS Remain anonymous 95% Part 1,,,https://hackforums.net/showthread.php?tid=5814695,,
FREE EBOOKS,,,https://hackforums.net/showthread.php?tid=5816980,,
laZagne tutorial(Credentials recovery project),,,https://hackforums.net/showthread.php?tid=5816425,,
Delete plz thanks,,,https://hackforums.net/showthread.php?tid=5816321,,
Predator Logger v.1.0,,,https://hackforums.net/showthread.php?tid=5005802,,
How to be 100:100 anonymous,,,https://hackforums.net/showthread.php?tid=5813546,,
HOW TO GET Unlimited calling & texting (USA & Canada) #LAZY,,,https://hackforums.net/showthread.php?tid=5814423,,
‚ñà‚ñà‚ñì‚ñí‚ñë -[‚òÖ‚òÖ‚òÖ]- Innobuzz: Exam - Interesting Question/ Answer ? Must Read -‚òÖ‚òÖ‚òÖ‚ñí‚ñì‚ñà,,,https://hackforums.net/showthread.php?tid=2666843,,
windows 10 hash cracking help,,,https://hackforums.net/showthread.php?tid=5811052,,
[TUT] Base64 URL hijacking [FF/Chrome],,,https://hackforums.net/showthread.php?tid=2838085,,
Linux Privilege Escalation and Persistence,,,https://hackforums.net/showthread.php?tid=5738524,,
[FREE TUT] Building a TCP Garbage Data Sender/Receiver Python Script,,,https://hackforums.net/showthread.php?tid=5809954,,
Hydra and Pop Out login window,,,https://hackforums.net/showthread.php?tid=5809777,,
Remotely infecting an Android device using MSFVenom,,,https://hackforums.net/showthread.php?tid=5809150,,
Cybertalents practice challenge on web security,,,https://hackforums.net/showthread.php?tid=5808214,,
SANS PDF(2017),,,https://hackforums.net/showthread.php?tid=5808682,,
Tutorial - How to Infect a PDF File,,,https://hackforums.net/showthread.php?tid=5622010,,
Email template,,,https://hackforums.net/showthread.php?tid=5808188,,
Want to get into PC game hacking,,,https://hackforums.net/showthread.php?tid=5806350,,
[TUT] How to make ExE to PDF using Metasploit - Get lots of slaves!,,,https://hackforums.net/showthread.php?tid=3753244,,
How to hack a OG old YouTube channel? (September 2017),,,https://hackforums.net/showthread.php?tid=5721400,,
"Buffer Overflow, VX Search Enterprise 10.1.12, CVE-2017-15220",,,https://hackforums.net/showthread.php?tid=5743401,,
Jacking Twitter Accounts,,,https://hackforums.net/showthread.php?tid=5748133,,
Updated Skype Jacking Method {D0xist},,,https://hackforums.net/showthread.php?tid=3620872,,
[TUT] Hack into Windows 7 SP1 computer with Metasploit [TUT] 2015,,,https://hackforums.net/showthread.php?tid=5107072,,
how to send exploit/shellcodes to Servers,,,https://hackforums.net/showthread.php?tid=5169129,,
"(ngrok)Bypass any firewall restriction, Foward ports, on vpn, any network,&use msf",,,https://hackforums.net/showthread.php?tid=5690868,,
snapchat views,,,https://hackforums.net/showthread.php?tid=5795864,,
Is there any way to cheat on online exam? Or any guide to hack and fix grades? :c,,,https://hackforums.net/showthread.php?tid=5773319,,
lessons,,,https://hackforums.net/showthread.php?tid=5805180,,
Increase any url's traffic,,,https://hackforums.net/showthread.php?tid=5177033,,
"[TUT] Get NOD32 Official Keys for Lifetime , Free , Legal",,,https://hackforums.net/showthread.php?tid=5462257,,
[TuT] How To Test Your RAT Server [SandBox],,,https://hackforums.net/showthread.php?tid=1916382,,
(TUTORIAL) How to Setup Darkcomet RAT 5.3.1 ~ [FULL BEGINNERS Guide to DarkComet],,,https://hackforums.net/showthread.php?tid=3633110,,
SQLMap - Scan website vulnerabilities,,,https://hackforums.net/showthread.php?tid=5742810,,
[TUTORIAL] The Art of Doxing,,,https://hackforums.net/showthread.php?tid=4805805,,
Complete Anonymity Using Layered Virtual Machines and Tor,,,https://hackforums.net/showthread.php?tid=5749405,,
LEGION | How to find IP's on Xbox Live with Cain & Abel,,,https://hackforums.net/showthread.php?tid=3312530,,
Looking for a rouge AP tutorial,,,https://hackforums.net/showthread.php?tid=5804326,,
Files off other PC when USB Drive is connected?,,,https://hackforums.net/showthread.php?tid=5803847,,
fake email sender,,,https://hackforums.net/showthread.php?tid=4813170,,
Does no one know how to do this?,,,https://hackforums.net/showthread.php?tid=5803622,,
Mobile rastreator.,,,https://hackforums.net/showthread.php?tid=5803657,,
"Influence | Using MiTMf | MiTM, DNS & ARP Spoofing",,,https://hackforums.net/showthread.php?tid=5797941,,
Download this video - Bonner Partners,,,https://hackforums.net/showthread.php?tid=5798709,,
Where can I find new hacking tutorials?,,,https://hackforums.net/showthread.php?tid=5799017,,
Better IP grabbing links than grabify,,,https://hackforums.net/showthread.php?tid=5753421,,
[Tutorial] Epic RAT Spreading Guide | Detailed Methods,,,https://hackforums.net/showthread.php?tid=1338033,,
"[Tutorial] How to Setup Pupy RAT for Windows, Linux and Android - Opensource [2017]",,,https://hackforums.net/showthread.php?tid=5419538,,
[HOT] 250+ Ultimate Hacking Resources-Complete guide from EXPERTS[HOT],,,https://hackforums.net/showthread.php?tid=5077773,,
Rats,,,https://hackforums.net/showthread.php?tid=5763422,,
Databases: SQL injection for beginners,,,https://hackforums.net/showthread.php?tid=5715367,,
[TUT]Sniffing passwords on HTTPS sites with ssl strip[TUT] part 2,,,https://hackforums.net/showthread.php?tid=2042324,,
Free no distribute scanners?,,,https://hackforums.net/showthread.php?tid=5792408,,
How to exploit ANY (unpatched) windows machine older then version 10! Nr1 exploit,,,https://hackforums.net/showthread.php?tid=5795056,,
[*TUT*]PortForward WITHOUT PortForwarding for your RAT using Free VPN[*TUT*],,,https://hackforums.net/showthread.php?tid=929799,,
What Is IPv6 Address & How to Get Protection from IPv6 Leak,,,https://hackforums.net/showthread.php?tid=5796230,,
Opensource Windows PentestBox Normal/With metasploit (Windows!),,,https://hackforums.net/showthread.php?tid=5791036,,
[TUTORIAL]Hack Windows Machine 7/8/10,,,https://hackforums.net/showthread.php?tid=5265815,,
netflix auto password change,,,https://hackforums.net/showthread.php?tid=5795291,,
How to bind files using iExpress | FUD | No additional files needed!,,,https://hackforums.net/showthread.php?tid=4325739,,
Request : Android 6 or Google account hack - can anybody help,,,https://hackforums.net/showthread.php?tid=5795375,,
hack facebook,,,https://hackforums.net/showthread.php?tid=5776383,,
Hacker ? O_o Are You Really A Hacker Or Just A Proclaimed One ? Know What A Hacker Is,,,https://hackforums.net/showthread.php?tid=3403852,,
Advance Active Directory Enumeration and Recon,,,https://hackforums.net/showthread.php?tid=5792208,,
Malware reversing article step-by-step,,,https://hackforums.net/showthread.php?tid=5780955,,
No Distribute Direct Link File Upload,,,https://hackforums.net/showthread.php?tid=5792681,,
[Tutorial] Download HQ Instagram photos and videos (No tools),,,https://hackforums.net/showthread.php?tid=5759721,,
Facebook account n messenger hack?,,,https://hackforums.net/showthread.php?tid=5792943,,
[Tut] Dorks To Get CPanel/WHM,,,https://hackforums.net/showthread.php?tid=5540788,,
Flexispy master,,,https://hackforums.net/showthread.php?tid=5792256,,
victim drop help with spam,,,https://hackforums.net/showthread.php?tid=5792204,,
[NEW] Extract emails with correct password by domain (.com / .ru / .nl),,,https://hackforums.net/showthread.php?tid=5747649,,
need someone to teach me,,,https://hackforums.net/showthread.php?tid=5790287,,
Will i get VAC Banned if i use CSGO cheats in offline mod? (Wifi turned off),,,https://hackforums.net/showthread.php?tid=5754458,,
I saw this TUT for hacking facebook. Can anyone validate this?,,,https://hackforums.net/showthread.php?tid=3193014,,
GMAIL Hack,,,https://hackforums.net/showthread.php?tid=5788601,,
"E-book about crypting and obfuscating will be on the market soon, free copies 3/3",,,https://hackforums.net/showthread.php?tid=5744658,,
Creating a 100% FUD crypter [TUT],,,https://hackforums.net/showthread.php?tid=5764659,,
Is there a Quasar Golden Edition tutorial somewhere?,,,https://hackforums.net/showthread.php?tid=5787982,,
Basic FB Hacking,,,https://hackforums.net/showthread.php?tid=3528217,,
Mass reporting Facebook post,,,https://hackforums.net/showthread.php?tid=5786775,,
Need help with doxing,,,https://hackforums.net/showthread.php?tid=5787083,,
How to get your facebook friends emails.(and hack them),,,https://hackforums.net/showthread.php?tid=5321173,,
.DOC Exploit,,,https://hackforums.net/showthread.php?tid=5743404,,
0day Remote Exploits,,,https://hackforums.net/showthread.php?tid=5743267,,
How to determine the type of a hash,,,https://hackforums.net/showthread.php?tid=5743136,,
"FREE Youtube subscriber / Twitter follower bot""""",,,https://hackforums.net/showthread.php?tid=4101519,,
Windows Information Gathering and Situational Awareness,,,https://hackforums.net/showthread.php?tid=5733292,,
hello hackers if u can teach me how to crack accounts in a certain game ill pay u,,,https://hackforums.net/showthread.php?tid=5782871,,
Linux Information Gathering and Situational Awareness,,,https://hackforums.net/showthread.php?tid=5736611,,
[FREE] How to hack ANY Facebook account with %100 Success,,,https://hackforums.net/showthread.php?tid=5221644,,
Looking for cracking tutorial,,,https://hackforums.net/showthread.php?tid=5779161,,
[ Help me] hack the website,,,https://hackforums.net/showthread.php?tid=5779601,,
Vpn hack !,,,https://hackforums.net/showthread.php?tid=5777952,,
[REQUEST] Offensive Security PWK OSCP Videos,,,https://hackforums.net/showthread.php?tid=5329300,,
[Help] Mitm HTTP,,,https://hackforums.net/showthread.php?tid=5777308,,
AnonTigers Bot WP / JOOMLA / DRUPAL Auto,,,https://hackforums.net/showthread.php?tid=5241639,,
"I have a mobile phone IP address, now what?",,,https://hackforums.net/showthread.php?tid=5776356,,
binding an android RAT,,,https://hackforums.net/showthread.php?tid=5775932,,
Red Team Structure (Post Expliotation),,,https://hackforums.net/showthread.php?tid=5728866,,
Crypting RAT code,,,https://hackforums.net/showthread.php?tid=5775395,,
Hacking (Web Based School Help),,,https://hackforums.net/showthread.php?tid=5773742,,
Tutorials for solving CTF,,,https://hackforums.net/showthread.php?tid=5772660,,
"Need a snapchat hacked, Paying asap!!",,,https://hackforums.net/showthread.php?tid=5774920,,
Hack website,,,https://hackforums.net/showthread.php?tid=5774622,,
NanoCore problem,,,https://hackforums.net/showthread.php?tid=5773308,,
tap titans 2,,,https://hackforums.net/showthread.php?tid=5773427,,
Is it possible...,,,https://hackforums.net/showthread.php?tid=5770347,,
Tricking ISP to think I am Youtubing,,,https://hackforums.net/showthread.php?tid=5767953,,
Snapchat,,,https://hackforums.net/showthread.php?tid=5772966,,
[UnrealIRCD] Colored vHosts Module!,,,https://hackforums.net/showthread.php?tid=1271794,,
Subscribe Pluralsight Free For 3 Months,,,https://hackforums.net/showthread.php?tid=5572170,,
Any hacks for increasing fps in pc games,,,https://hackforums.net/showthread.php?tid=5748385,,
how do reupload youtube videos without them being deleted for copyrights?,,,https://hackforums.net/showthread.php?tid=5754514,,
Free Cracked FUD Crypter?,,,https://hackforums.net/showthread.php?tid=5769272,,
Rat & Crypters support,,,https://hackforums.net/showthread.php?tid=5751443,,
Skype Resolvers,,,https://hackforums.net/showthread.php?tid=5768311,,
In need of a free hacker.,,,https://hackforums.net/showthread.php?tid=5765272,,
Windows Application Shimming,,,https://hackforums.net/showthread.php?tid=5764027,,
"hack an instagram, im paying",,,https://hackforums.net/showthread.php?tid=5767403,,
"I'm an old hacker, what is used nowadays ?",,,https://hackforums.net/showthread.php?tid=5764436,,
BeEF XSS Complete setup and e-whore tips,,,https://hackforums.net/showthread.php?tid=3328383,,
Multiple Skype Open Code (Windows),,,https://hackforums.net/showthread.php?tid=5281819,,
RAT or Keylogger?,,,https://hackforums.net/showthread.php?tid=5716326,,
Hacking Facebook Method ?,,,https://hackforums.net/showthread.php?tid=5688233,,
How I Hacked My Catfishes Facebook! (Doesn't Always Work!),,,https://hackforums.net/showthread.php?tid=5571860,,
Simple USB Password Stealer,,,https://hackforums.net/showthread.php?tid=5762869,,
[TUT] How to Get Random FB Login Details! (Detailed),,,https://hackforums.net/showthread.php?tid=3459117,,
Instagram,,,https://hackforums.net/showthread.php?tid=5763629,,
Steam Account,,,https://hackforums.net/showthread.php?tid=5763202,,
how to steal wifi pass from people pc using a usb only,,,https://hackforums.net/showthread.php?tid=5741683,,
HOW TO GET PHONE NUMBER FROM FB?,,,https://hackforums.net/showthread.php?tid=5757071,,
Password Logger for Invision PowerBoard,,,https://hackforums.net/showthread.php?tid=710054,,
hacking ebooks,,,https://hackforums.net/showthread.php?tid=5746729,,
Database Keyword search Program?,,,https://hackforums.net/showthread.php?tid=5761966,,
How to Get Direct Download Link From &[b]#34[/b];ge.tt&[b]#34[/b];,,,https://hackforums.net/showthread.php?tid=3560523,,
Acc Dumps Related.,,,https://hackforums.net/showthread.php?tid=5759189,,
any good ways to ddos a website?,,,https://hackforums.net/showthread.php?tid=5754580,,
Need help doxing,,,https://hackforums.net/showthread.php?tid=5757371,,
Copy a FULL WebSite FRENCH tutorial,,,https://hackforums.net/showthread.php?tid=5757777,,
TUTORIAL (HOW TO CONFIRM SMS VERIFICATION ONLINE FREE),,,https://hackforums.net/showthread.php?tid=5737612,,
Is there any way I can dox the identity of someone from a video?,,,https://hackforums.net/showthread.php?tid=5747602,,
I need sms spoof site,,,https://hackforums.net/showthread.php?tid=5756730,,
How to steal an ebook?,,,https://hackforums.net/showthread.php?tid=5754782,,
Windows Post Exploitation & AD Hunting,,,https://hackforums.net/showthread.php?tid=5732104,,
[TUT] Backtracing a RAT [Find a Hacker's IP] [PICS] [WireShark],,,https://hackforums.net/showthread.php?tid=3717452,,
How to exploit unpatched Microsoft Office DDE Vulnerability,,,https://hackforums.net/showthread.php?tid=5749738,,
How to sniff xbox ips?,,,https://hackforums.net/showthread.php?tid=5754893,,
bruteforce? where to even start?,,,https://hackforums.net/showthread.php?tid=5753894,,
plz help hack Facebook,,,https://hackforums.net/showthread.php?tid=5749573,,
facebook help me out .. im losing my job,,,https://hackforums.net/showthread.php?tid=5752326,,
Ways to get around these problems?,,,https://hackforums.net/showthread.php?tid=5753939,,
[TUT] Common Types of Password Cracking and their Countermeasures [Must Read],,,https://hackforums.net/showthread.php?tid=3510547,,
help,,,https://hackforums.net/showthread.php?tid=5746620,,
email hack,,,https://hackforums.net/showthread.php?tid=5748288,,
[Tutorial] How to mass unfollow on Twitter (Basic),,,https://hackforums.net/showthread.php?tid=5744577,,
Business Opp.,,,https://hackforums.net/showthread.php?tid=5751445,,
I need help to crypt njrat server,,,https://hackforums.net/showthread.php?tid=5750998,,
Edit Database,,,https://hackforums.net/showthread.php?tid=5751140,,
How do I fake 'verification' eWhore pics?,,,https://hackforums.net/showthread.php?tid=5748600,,
Request: step-by-step guide to hacking Wordpress sites - will pay,,,https://hackforums.net/showthread.php?tid=5748833,,
how to make email from someone else domain,,,https://hackforums.net/showthread.php?tid=5746864,,
Basic Windows Privilege Escalation,,,https://hackforums.net/showthread.php?tid=5726592,,
How to Hack Icloud accounts (noob friendly),,,https://hackforums.net/showthread.php?tid=5010680,,
WIFI Jammer Tutorial [with pictures],,,https://hackforums.net/showthread.php?tid=5688296,,
How can I take a inactive and old instagram?,,,https://hackforums.net/showthread.php?tid=5748300,,
[TUTORIAL] Simple Payload Creation,,,https://hackforums.net/showthread.php?tid=5747922,,
Problem with Telnet,,,https://hackforums.net/showthread.php?tid=5747358,,
Is there any way to get around the steam mobile authenticator?,,,https://hackforums.net/showthread.php?tid=5726809,,
[Tutorial]How to get rid of detection by editing assembly info,,,https://hackforums.net/showthread.php?tid=5747445,,
Wifi,,,https://hackforums.net/showthread.php?tid=5741975,,
What can I do with an email adress?,,,https://hackforums.net/showthread.php?tid=5739475,,
Botnet Tutorial Made Easy For Beginers,,,https://hackforums.net/showthread.php?tid=5560612,,
Hello Hackforums,,,https://hackforums.net/showthread.php?tid=5746472,,
Discord?,,,https://hackforums.net/showthread.php?tid=5746211,,
Create a fake loading in cmd. (.bat - code),,,https://hackforums.net/showthread.php?tid=5744182,,
Free knowledge for everyone,,,https://hackforums.net/showthread.php?tid=5743550,,
Someone got my IP through Kik,,,https://hackforums.net/showthread.php?tid=5731396,,
How I changed my grades And hacked a School,,,https://hackforums.net/showthread.php?tid=5731517,,
[Free For All Members!] How to setup an IP logger that can bypass a VPN!,,,https://hackforums.net/showthread.php?tid=5252731,,
[EXE 2 DOC] OFFICE 2003 - 2013 EXPLOIT CREATION | NOOB FRIENDLY [SCREENSHOTS],,,https://hackforums.net/showthread.php?tid=4893557,,
[REQUEST] Grepolis AutoBot Full Premium Free,,,https://hackforums.net/showthread.php?tid=5018335,,
Unlimited data through Wikipedia is it possible?,,,https://hackforums.net/showthread.php?tid=5644416,,
Free Hash decrypting service with salts and without,,,https://hackforums.net/showthread.php?tid=5743258,,
[Tutorial] Asking the correct question about Anonymity,,,https://hackforums.net/showthread.php?tid=5741048,,
Spreading Your Payload.,,,https://hackforums.net/showthread.php?tid=5658407,,
How To: Get Custom Discord Discrimator,,,https://hackforums.net/showthread.php?tid=5701151,,
Free eLS pentesting course,,,https://hackforums.net/showthread.php?tid=5608680,,
How do I create a own version of my own leakedsource for free?,,,https://hackforums.net/showthread.php?tid=5742160,,
[Tutorial] For everyone asking to hack a a social media account,,,https://hackforums.net/showthread.php?tid=5735741,,
Buffer overflow,,,https://hackforums.net/showthread.php?tid=14449,,
How to trace a RAT/keylogger back to its owner,,,https://hackforums.net/showthread.php?tid=5488232,,
0day in AirOS (Acceso as Root),,,https://hackforums.net/showthread.php?tid=2057035,,
[Tutorial] How to: Basic Keylogger using C++ and Python,,,https://hackforums.net/showthread.php?tid=5735479,,
[RAT SPREADING] Tutorial Youtube / Games Targeted. [AUTOPILOT],,,https://hackforums.net/showthread.php?tid=5639586,,
[TuT] How to use ResHacker - Ultimate!,,,https://hackforums.net/showthread.php?tid=243460,,
[Tut] Finding real backend server IP hidden behind Cloudflare and other firewalls,,,https://hackforums.net/showthread.php?tid=5695459,,
[TUT] FREE SMS/Phone Verification,,,https://hackforums.net/showthread.php?tid=5686454,,
[TUT] Free VPN Access Code for every 24 Hours,,,https://hackforums.net/showthread.php?tid=5462261,,
[Tut] Hide your virus's in a image! [/Tut],,,https://hackforums.net/showthread.php?tid=2027219,,
need help getting the password from my own psn acc,,,https://hackforums.net/showthread.php?tid=5738217,,
Metropop help,,,https://hackforums.net/showthread.php?tid=5736551,,
How to save snapchats without notifying other people?,,,https://hackforums.net/showthread.php?tid=5732454,,
Need help hacking Facebook game,,,https://hackforums.net/showthread.php?tid=5736520,,
How to redirect traffic to my router,,,https://hackforums.net/showthread.php?tid=5736153,,
Need help hacking a n instagram or facebook,,,https://hackforums.net/showthread.php?tid=5735948,,
"Facebook, Snapchat or Instagram Hacking",,,https://hackforums.net/showthread.php?tid=5385757,,
Please send apk or source file of other thread [help],,,https://hackforums.net/showthread.php?tid=5734335,,
TutorialHow to: Basic Keylogger using C++ and Python,,,https://hackforums.net/showthread.php?tid=5735476,,
Optimize PC Speed & Eradicate Invisible Trackers in 10 Seconds!,,,https://hackforums.net/showthread.php?tid=5735166,,
Is there any way to view a private Instagram account?,,,https://hackforums.net/showthread.php?tid=5732975,,
What happened with Instagram reset?,,,https://hackforums.net/showthread.php?tid=5729068,,
Military drone jammer,,,https://hackforums.net/showthread.php?tid=5601384,,
possible new teacher to teach me how to hack,,,https://hackforums.net/showthread.php?tid=5731098,,
How to Hack any WPA2 Wi-Fi,,,https://hackforums.net/showthread.php?tid=5731600,,
Tutorial : Free NordVPN !,,,https://hackforums.net/showthread.php?tid=5623239,,
How I stole thousands of thousands of passwords,,,https://hackforums.net/showthread.php?tid=5425067,,
Gdb help (buffer overflow),,,https://hackforums.net/showthread.php?tid=5721553,,
Where would I start to make my own Programs?,,,https://hackforums.net/showthread.php?tid=5730216,,
Protection against WebRTC,,,https://hackforums.net/showthread.php?tid=5730507,,
I need help in Cracking Accounts,,,https://hackforums.net/showthread.php?tid=5728502,,
How can I find all possible combinations of a word?,,,https://hackforums.net/showthread.php?tid=5727091,,
How Should I Start? (help?),,,https://hackforums.net/showthread.php?tid=5697284,,
Is there any way to view a private Twitter account?,,,https://hackforums.net/showthread.php?tid=5726110,,
Get anyone mail address from skype { 10$ BTC },,,https://hackforums.net/showthread.php?tid=5724229,,
how can u spreat a virus by usb,,,https://hackforums.net/showthread.php?tid=5723895,,
Closed,,,https://hackforums.net/showthread.php?tid=5723800,,
is this Udemy (warez disallowed) tutorial good?,,,https://hackforums.net/showthread.php?tid=5720452,,
Internet Connection in the Philippines HELP! [Express VPN],,,https://hackforums.net/showthread.php?tid=5714705,,
.-* Biggest Hacking Tutorials Compilation on HF [All you need to know] *-.,,,https://hackforums.net/showthread.php?tid=3120614,,
[Not Hacking]~Something useful to learn~,,,https://hackforums.net/showthread.php?tid=5717622,,
I need help hacking moviestarplanet,,,https://hackforums.net/showthread.php?tid=5722313,,
Spam bot for omegle?,,,https://hackforums.net/showthread.php?tid=5720536,,
helpnairbase ng not connecting users,,,https://hackforums.net/showthread.php?tid=5720979,,
#ERROR!,,,https://hackforums.net/showthread.php?tid=5676519,,
#ERROR!,,,https://hackforums.net/showthread.php?tid=3657567,,
How to HACK CarDomain.com,,,https://hackforums.net/showthread.php?tid=651478,,
Instagram and Facebook,,,https://hackforums.net/showthread.php?tid=5716594,,
how do i crack a wpa handshake via GPU?,,,https://hackforums.net/showthread.php?tid=5719395,,
how to hack yahoo email?,,,https://hackforums.net/showthread.php?tid=5719268,,
douse any one know a persistance tool,,,https://hackforums.net/showthread.php?tid=5716071,,
closed,,,https://hackforums.net/showthread.php?tid=5676657,,
HELP WITH ANDROID HACK,,,https://hackforums.net/showthread.php?tid=5707099,,
is it impossible to hack an iphon,,,https://hackforums.net/showthread.php?tid=5716073,,
need help with key windows 10 enterprise,,,https://hackforums.net/showthread.php?tid=5682784,,
Kill any antivirus software !,,,https://hackforums.net/showthread.php?tid=5631331,,
is there anyone that know where i can get form grabber and how to use it?,,,https://hackforums.net/showthread.php?tid=5715249,,
BruteForce Software Question,,,https://hackforums.net/showthread.php?tid=5715221,,
"FILE EXTENSION EXPLOIT! Make .exe look like a jpeg, mp3 or whatever you like! *HOT*",,,https://hackforums.net/showthread.php?tid=1020443,,
Instagram follower,,,https://hackforums.net/showthread.php?tid=5702176,,
Is Hacking with Android possible? YES it is!,,,https://hackforums.net/showthread.php?tid=5713560,,
Hacking with Android (no-root)!? No problem! Tutorial,,,https://hackforums.net/showthread.php?tid=5714161,,
HELP WITH ANDROID RATS..,,,https://hackforums.net/showthread.php?tid=5706844,,
How can i bypass win32:evo-gen,,,https://hackforums.net/showthread.php?tid=5713788,,
Free Razer gear ebook?,,,https://hackforums.net/showthread.php?tid=5713722,,
[how-to] DOS any windows computer on your network,,,https://hackforums.net/showthread.php?tid=5685438,,
How to forge an email and make it look legit?,,,https://hackforums.net/showthread.php?tid=5710638,,
DO YOU HAVE ANY OF THE PROBLEM?,,,https://hackforums.net/showthread.php?tid=5712460,,
FREE Dropper Source Code (VB6),,,https://hackforums.net/showthread.php?tid=5651005,,
[TUT] Silent Mine w/ Imminent Monitor [TUT],,,https://hackforums.net/showthread.php?tid=4090040,,
Need to learn Regex (Regular Expressions),,,https://hackforums.net/showthread.php?tid=5711996,,
[TUT] How to make a deep learning based CAPTCHA cracker,,,https://hackforums.net/showthread.php?tid=5711736,,
How to make a Putty Booter (Dos with script on vps) 8/30/14,,,https://hackforums.net/showthread.php?tid=2242151,,
how can i hack psn if i know email?,,,https://hackforums.net/showthread.php?tid=5710685,,
How to prevent Discord from automatically changing my availability status?,,,https://hackforums.net/showthread.php?tid=5696219,,
Instagram hacking,,,https://hackforums.net/showthread.php?tid=5708532,,
Website Recon - Tutorial 1.,,,https://hackforums.net/showthread.php?tid=5708270,,
[TUT] How to kick people from most of the WiFi networks,,,https://hackforums.net/showthread.php?tid=5703938,,
Hacking Video Tutorials Total 55 Videos | 539.46 M,,,https://hackforums.net/showthread.php?tid=282688,,
Editing a post in Sentry MBA (Soft Aborted) Should i worry?,,,https://hackforums.net/showthread.php?tid=5709134,,
[ Hot ] FaceBook Spreading [ 1K Bots Daily ],,,https://hackforums.net/showthread.php?tid=2655862,,
Hack The Box Hacking Challenges,,,https://hackforums.net/showthread.php?tid=5708650,,
Guide To Hack BIOS Passwords,,,https://hackforums.net/showthread.php?tid=4426658,,
(TUT) Creating Configs for Sentry MBA,,,https://hackforums.net/showthread.php?tid=4567010,,
HOW TO GET USERNAME AND PASSWORD USING WIRESHARK,,,https://hackforums.net/showthread.php?tid=5705500,,
[TUT] Flash Player Spreading,,,https://hackforums.net/showthread.php?tid=5624349,,
Bypassing iCloud HELP,,,https://hackforums.net/showthread.php?tid=5703638,,
Question about keylogger,,,https://hackforums.net/showthread.php?tid=5707309,,
Hack instagram/snapchat account ?,,,https://hackforums.net/showthread.php?tid=5667029,,
"Facebook,Snapchat and Instagram hacking",,,https://hackforums.net/showthread.php?tid=5705916,,
Bypassing captcha : Sentry MBA,,,https://hackforums.net/showthread.php?tid=5703240,,
Facebook Hack,,,https://hackforums.net/showthread.php?tid=5696339,,
how do i backdate a post?,,,https://hackforums.net/showthread.php?tid=5704198,,
Minecraft Hacking Server,,,https://hackforums.net/showthread.php?tid=5701629,,
Discord spam bot,,,https://hackforums.net/showthread.php?tid=5703521,,
Hacking into accounts,,,https://hackforums.net/showthread.php?tid=5703466,,
need no distribute scanner,,,https://hackforums.net/showthread.php?tid=5702857,,
"[TUT]Hack any"" Windows 7 computer V2""",,,https://hackforums.net/showthread.php?tid=5623562,,
How to hack a OG old YouTube channel?,,,https://hackforums.net/showthread.php?tid=5681456,,
I need a direct download page something like dropbox,,,https://hackforums.net/showthread.php?tid=5701714,,
[*TUT*] how to hack any system using ezsploit on kali linux,,,https://hackforums.net/showthread.php?tid=5602107,,
[EXCLUSIVE][TUTORIAL]How to Hack MyFonts and Get Premium Fonts for FREE!!,,,https://hackforums.net/showthread.php?tid=4604115,,
"I have a chomebook, with lightspeed as its security,",,,https://hackforums.net/showthread.php?tid=5700500,,
How to find mailserver for any webmail/smtp,,,https://hackforums.net/showthread.php?tid=5700164,,
Need help with hacking a facebook account,,,https://hackforums.net/showthread.php?tid=5684100,,
PSploitGen.py Exploit Remote Windows PC With Powershell,,,https://hackforums.net/showthread.php?tid=5699989,,
Need help hacking (Runescape accounts),,,https://hackforums.net/showthread.php?tid=5699933,,
blockchaim,,,https://hackforums.net/showthread.php?tid=5695256,,
Hack instagram account,,,https://hackforums.net/showthread.php?tid=5689761,,
Android Hacks By Kuliex SSL MITM,,,https://hackforums.net/showthread.php?tid=5693221,,
[Tutorial] Setup for Dark Net Penetration Testing Using Whonix/Kali,,,https://hackforums.net/showthread.php?tid=5689882,,
Please someone help me to use the RDP imminent monitor,,,https://hackforums.net/showthread.php?tid=5697040,,
how to get a email,,,https://hackforums.net/showthread.php?tid=5696974,,
How do I hack into a twitter acc?,,,https://hackforums.net/showthread.php?tid=5696958,,
how do i spoof sms messages,,,https://hackforums.net/showthread.php?tid=5696401,,
Hotmail : Login from an Unkn0wn Location and read / send / receive emails,,,https://hackforums.net/showthread.php?tid=5693612,,
[TUT] Spreading - RAT - How to Spread Easily with Omegle [TUT],,,https://hackforums.net/showthread.php?tid=2183262,,
Steam Login Protection Exploit!,,,https://hackforums.net/showthread.php?tid=5690292,,
Can someone make a tutorial explaing what BREACH attack is thank you,,,https://hackforums.net/showthread.php?tid=5689487,,
how to hack instagram accounts,,,https://hackforums.net/showthread.php?tid=5646304,,
[Free | MF] Bitcoin Faucet Bot - UPDATED! - 10 Faucets!,,,https://hackforums.net/showthread.php?tid=3991596,,
[TUT] RAT A PERSON OVER HAMACHI! No more portforwarding! [TUT],,,https://hackforums.net/showthread.php?tid=3080415,,
Wha tutorial should I follow if I'd like to get download PHP files from a website?,,,https://hackforums.net/showthread.php?tid=5687460,,
Need Help Making Nanocore FUD,,,https://hackforums.net/showthread.php?tid=5455139,,
Hacking instagrams,,,https://hackforums.net/showthread.php?tid=5686926,,
HOW TO HACK WHATSAPP ACCOUNT,,,https://hackforums.net/showthread.php?tid=5123776,,
What difference ? Help,,,https://hackforums.net/showthread.php?tid=5686258,,
High tech delinquency: Lan school,,,https://hackforums.net/showthread.php?tid=5686251,,
script for https://#,,,https://hackforums.net/showthread.php?tid=5685439,,
How do I gain access to someones router remotely with IP,,,https://hackforums.net/showthread.php?tid=5680201,,
Metasploit Tutorial,,,https://hackforums.net/showthread.php?tid=5683658,,
[HOW TO] Get Valid Fresh Emails,,,https://hackforums.net/showthread.php?tid=5473601,,
AOL Hack?,,,https://hackforums.net/showthread.php?tid=5683646,,
Easy Money- Bitcoin mining- Triplemining Guide! W/ pics,,,https://hackforums.net/showthread.php?tid=3466310,,
How to make valid credit card numbers for a free 30 day free trails,,,https://hackforums.net/showthread.php?tid=5400052,,
Snapchat Hack,,,https://hackforums.net/showthread.php?tid=5678077,,
Snapchat/Email hack ?,,,https://hackforums.net/showthread.php?tid=5363751,,
help with Hacking A hotmail account,,,https://hackforums.net/showthread.php?tid=5681466,,
Find a facebook accounts primary email!,,,https://hackforums.net/showthread.php?tid=5681884,,
Possible to hack snapchat account or password?,,,https://hackforums.net/showthread.php?tid=5464913,,
Beginner here using Parrot OS,,,https://hackforums.net/showthread.php?tid=5642663,,
[FREE][Tut] How to get phone verification on ANY SITE [Tut][FREE],,,https://hackforums.net/showthread.php?tid=5422671,,
Closed,,,https://hackforums.net/showthread.php?tid=5678809,,
How to setup DarkComet 5.3.1 [PICS] [NOOB FRIENDLY],,,https://hackforums.net/showthread.php?tid=2589153,,
Hacking/Code Mentor/Friend,,,https://hackforums.net/showthread.php?tid=5665778,,
How do I Dox through Social Engineering?,,,https://hackforums.net/showthread.php?tid=5678770,,
Tech Support Scambaiting Tutorial,,,https://hackforums.net/showthread.php?tid=5678580,,
Mobius Final Fantasy Hacking / Mods,,,https://hackforums.net/showthread.php?tid=5677027,,
Cracking MD5 password,,,https://hackforums.net/showthread.php?tid=11767,,
[Tutorial] How to make a silent miner for free,,,https://hackforums.net/showthread.php?tid=5667542,,
Doxing,,,https://hackforums.net/showthread.php?tid=5672594,,
Introduction to BeEf,,,https://hackforums.net/showthread.php?tid=5527919,,
twitter mass account manager help!,,,https://hackforums.net/showthread.php?tid=5585046,,
[SOURCE][VB.NET] >>> HOW TO CREATE A BRUTE-FORCE TOOL <<< [VB.NET][SOURCE],,,https://hackforums.net/showthread.php?tid=5566402,,
rdp exploit,,,https://hackforums.net/showthread.php?tid=5621576,,
Bypass Youtube Video Restrictions,,,https://hackforums.net/showthread.php?tid=5497637,,
[TUT]PHP Mass mailer (bomb target email or list) + Email spoofer + GUI[Code included],,,https://hackforums.net/showthread.php?tid=778582,,
Use a VPN without downloading any software,,,https://hackforums.net/showthread.php?tid=5660659,,
[TUTORIAL] How to DNS Spoof with Kali Linux 2.0,,,https://hackforums.net/showthread.php?tid=5120826,,
"[TUTORIAL] Creating your own Pentest Lab""""",,,https://hackforums.net/showthread.php?tid=5668587,,
I need HELP,,,https://hackforums.net/showthread.php?tid=5666370,,
API BOOTER problem,,,https://hackforums.net/showthread.php?tid=5668813,,
P2P Botnets - Kademlia Distributed Hash Tables,,,https://hackforums.net/showthread.php?tid=5666805,,
Eternalblue Doublepulsar Video,,,https://hackforums.net/showthread.php?tid=5668330,,
Question : Making a computer and RDP,,,https://hackforums.net/showthread.php?tid=5661037,,
unlimited daily adds on snapchat,,,https://hackforums.net/showthread.php?tid=5665787,,
[FREE] [AUTOPILOT] How to get Snapchat famous! | 300 Will Add you Daily!,,,https://hackforums.net/showthread.php?tid=5658236,,
JAVA RAT CRYPTING SERVICE JBIFROST JRAT,,,https://hackforums.net/showthread.php?tid=5489410,,
How to encrypt a exe file RAT,,,https://hackforums.net/showthread.php?tid=5664496,,
Get unlimited SideLine #s.,,,https://hackforums.net/showthread.php?tid=5665057,,
How do i set up fake wifi,,,https://hackforums.net/showthread.php?tid=5664493,,
How to make a mini concealable Wifi jammer for $5,,,https://hackforums.net/showthread.php?tid=5597978,,
"How to get Person data, vehicles, items he owns.",,,https://hackforums.net/showthread.php?tid=5661901,,
‚òÖ‚òÖ‚òÖ‚òÖ[NEW]‚òÖ‚òÖ[RAT CREW TUTORIAL] SET-UP XTREME RAT 3.1 [UPDATED][DOWNLOAD LINK] ‚òÖ‚òÖ‚òÖ‚òÖ,,,https://hackforums.net/showthread.php?tid=1769395,,
Pulling an IP - The Simple Way,,,https://hackforums.net/showthread.php?tid=5660658,,
[TUT] How To R00T On Server,,,https://hackforums.net/showthread.php?tid=5658115,,
"Need some advice, How can i get my rat to stay alive?",,,https://hackforums.net/showthread.php?tid=5659369,,
[Nooby Guide] LiveSupport's Jabber setup/Secure chat,,,https://hackforums.net/showthread.php?tid=4241269,,
How to retrieve passwords of browsers on a Mac with physical access for an hour?,,,https://hackforums.net/showthread.php?tid=5656015,,
[Tutorial] How to make a domain that looks almost like the original,,,https://hackforums.net/showthread.php?tid=5157368,,
[SQLi Dumper] [VIDEO] Complete Guide | Get your own EMAIL:PASS Combos,,,https://hackforums.net/showthread.php?tid=5636861,,
[TUTORIAL] [PICTURES] AndroRAT - Android Remote Administration Tool Setup Tutorial,,,https://hackforums.net/showthread.php?tid=3529624,,
Help:Hacking a facebook,,,https://hackforums.net/showthread.php?tid=5654782,,
get your free vpn trial,,,https://hackforums.net/showthread.php?tid=5625032,,
[TUT] ‚ôõ How to sniff the router password without resetting it ‚ôõ [TUT],,,https://hackforums.net/showthread.php?tid=3231116,,
Help: Hack a Mac,,,https://hackforums.net/showthread.php?tid=5652915,,
Gmail account cracking,,,https://hackforums.net/showthread.php?tid=5627822,,